,vars,seq,seq2,plasmid1_ref,plasmid2_ref,plasmid3_ref,plasmid1_alt,plasmid2_alt,plasmid3_alt,log2FoldChange_allele,padj_allele,delta
5199,466_rs246913_ref_optWin_A.466_rs246913_var_optWin_A,AGGACCGGATCAACTTCCCCAGTGTACTTTCGTGGACATAGCAGCGCCTCTTCCTGCTGGGTCCCAGGGAGTGTAGGGTGAAAGAGGTGCCTCTCAGGCTTTTCCAGGGGCTCCACCCCCGATGAAGACAAACGGTATGGGGAAGAGGTGGGAGGGCACTCGTGCTTTTCTGTTGCCTCCACCCCTGCTGAAGGCGTGCATAAGCAGAGTTAAGAGCCTCCTGCCAGCTCATCTCTTACTCTTAAGCACCATCTACTGGACTGCAGCCTGAATTACACCACCAAACATTGCGTGAACCGA,AGGACCGGATCAACTTCCCCAGTGTACTTTCGTGGACATAGCAGCGCCTCTTCCTGCTGGGTCCCAGGGAGTGTAGGGTGAAAGAGGTGCCTCTCAGGCTTTTCCAGGGGCTCCACCCCCGATGAAGACAAACGGTATGCGGAAGAGGTGGGAGGGCACTCGTGCTTTTCTGTTGCCTCCACCCCTGCTGAAGGCGTGCATAAGCAGAGTTAAGAGCCTCCTGCCAGCTCATCTCTTACTCTTAAGCACCATCTACTGGACTGCAGCCTGAATTACACCACCAAACATTGCGTGAACCGA,8157,15294,14609,12085,23692,21762,0.11976604,0.099220901,0.11976604
5200,683_rs17689882_ref_nonpeak1_A.683_rs17689882_var_nonpeak1_A,AGGACCGGATCAACTAAGACCCCAGCACTGCCTCCTCCTGTCCCCAGGACCTAGAGCAGAAGCAGGGTGGAGAAGTGAGAGGAGCAGCTCTAGGTTGGGGTGGGGGTTGCTGGGAGAGGGTGGCAGGGGCTGGCTTATCTGAGAGTCTCAGGTCTCTGGGAACCTCTGGCAGAGCCGCTCTGCCCTCTCCCCAGTAGCTGCTGGAATGGTGGGGAGGGACAAAACTTGTCTTATGTCACCCATACCCAGGCCAGGCTGCACCCATTGGGGTGACCAGGCAGATGGCATTGCGTGAACCGA,AGGACCGGATCAACTAAGACCCCAGCACTGCCTCCTCCTGTCCCCAGGACCTAGAGCAGAAGCAGGGTGGAGAAGTGAGAGGAGCAGCTCTAGGTTGGGGTGGGGGTTGCTGGGAGAGGGTGGCAGGGGCTGGCTTATCTGAGAGTCTCAAGTCTCTGGGAACCTCTGGCAGAGCCGCTCTGCCCTCTCCCCAGTAGCTGCTGGAATGGTGGGGAGGGACAAAACTTGTCTTATGTCACCCATACCCAGGCCAGGCTGCACCCATTGGGGTGACCAGGCAGATGGCATTGCGTGAACCGA,9508,18731,17302,24023,46815,44600,-0.099069553,0.099094702,-0.099069553
5201,850_rs1631850_ref_nonpeak3_A.850_rs1631850_var_nonpeak3_A,AGGACCGGATCAACTGTGACTGCCATCCCCGTGAAGGTGATTGGCCAAAAGATAGAGTGTGTCCCCAAGCAGGGCCAATCAGAATCCTCCCCTGGGCAAACACGAGCTGCTCACGTGTAGGCACTGCGTAGGCTGCAGGTGGTGCCCAGCACGTGGAGGCGGCGGGATCTGGGATGTGCGAGAGAGGGTGAGACCCCTGCGAAAGAAGAGACAAGCAGGCGTGAGAGACTAGGGGAGCGTCTTGGGGTTTTGAGCACCTGAGGCTCTGGTTGCTTCCTTGGGTCTCATTGCGTGAACCGA,AGGACCGGATCAACTGTGACTGCCATCCCCGTGAAGGTGATTGGCCAAAAGATAGAGTGTGTCCCCAAGCAGGGCCAATCAGAATCCTCCCCTGGGCAAACACGAGCTGCTCACGTGTAGGCACTGCGTAGGCTGCAGGTGGTGCCCAGCGCGTGGAGGCGGCGGGATCTGGGATGTGCGAGAGAGGGTGAGACCCCTGCGAAAGAAGAGACAAGCAGGCGTGAGAGACTAGGGGAGCGTCTTGGGGTTTTGAGCACCTGAGGCTCTGGTTGCTTCCTTGGGTCTCATTGCGTGAACCGA,11764,22722,21743,10370,19713,19015,0.11174096,0.099036371,0.11174096
5202,742_rs691680_ref_nonpeak1_A.742_rs691680_var_nonpeak1_A,AGGACCGGATCAACTTGCTGTTGTGCTGGCCAGGCCAGGGTGGGGAATGGTCGGTGCCCTTCCTGGCGCTCAGCTAGGGAAGCTGGAAGACTGCAGGGTGGAGGGCTGGGATGCTCTTGGAGCCGCATCCACACCCCCAAGGATCCCTTTTGTCTGGGCCCGTACGCTCACCCGAAGCCTGCAGCTGCCACGTCTGAGGACCTGCTGACCAGCCTGCGGGCCATACCCCAGTGTTTCTGATACCCAAGCCCAAGGCTGGGGCAGAGTGTACCTCACCAGCAAGTTCATTGCGTGAACCGA,AGGACCGGATCAACTTGCTGTTGTGCTGGCCAGGCCAGGGTGGGGAATGGTCGGTGCCCTTCCTGGCGCTCAGCTAGGGAAGCTGGAAGACTGCAGGGTGGAGGGCTGGGATGCTCTTGGAGCCGCATCCACACCCCCAAGGATCCCTTTGGTCTGGGCCCGTACGCTCACCCGAAGCCTGCAGCTGCCACGTCTGAGGACCTGCTGACCAGCCTGCGGGCCATACCCCAGTGTTTCTGATACCCAAGCCCAAGGCTGGGGCAGAGTGTACCTCACCAGCAAGTTCATTGCGTGAACCGA,15626,29007,27426,22067,38390,36027,-0.112542084,0.099036371,-0.112542084
5203,841_rs62063686_ref_nonpeak1_A.841_rs62063686_var_nonpeak1_A,AGGACCGGATCAACTTCTCCTATCTCAGCCTCCCGAGTAGCTGGGACTATAGGCGCCCGCCACAACACCTGACTAATGTTTGTATTTTTTGTAGAGACAGGGTTTCACGGTGTTAGCCAGGATGGTCTCGATCTCCTGACCTCGTGATCCGCCTGCCTCAGCTTCCCAAAGTGCTGGGATTACAGACGTGAGCCACCGTGTCCGGCCCAAAGTAAGTTTTATTTAGAAATACAAGTGAAAGGCCAGGCGCGGTGGCTCACGCCTGTATTCCCAGCACTTTGGGAACATTGCGTGAACCGA,AGGACCGGATCAACTTCTCCTATCTCAGCCTCCCGAGTAGCTGGGACTATAGGCGCCCGCCACAACACCTGACTAATGTTTGTATTTTTTGTAGAGACAGGGTTTCACGGTGTTAGCCAGGATGGTCTCGATCTCCTGACCTCGTGATCCACCTGCCTCAGCTTCCCAAAGTGCTGGGATTACAGACGTGAGCCACCGTGTCCGGCCCAAAGTAAGTTTTATTTAGAAATACAAGTGAAAGGCCAGGCGCGGTGGCTCACGCCTGTATTCCCAGCACTTTGGGAACATTGCGTGAACCGA,8232,15168,14072,7617,15015,13324,-0.128222304,0.099036371,-0.128222304
5204,907_rs17763086_ref_nonpeak3_A.907_rs17763086_var_nonpeak3_A,AGGACCGGATCAACTGTGCCTCATGATCATTCAGCCCCACCCTAGAGCCTAGAAACGGGGAGGAAGGGAGGTGCTGCCAGGGACCCCTCCCTTCTCAAAGTCACCTGCTTTTCAACACCCGTCTTTCCTTCCTTCACTCACACACTGCTTTGGAGTTTGACTGCGTGTCAAGCTCTTGGTTTCTAGGCCCTGCTTCTTGGGACCTATAAAAGTGTGGATGGGGGCTGTGCTCTTGGGCAGGAGTCTGCAGAGAGCTGGGCATGGGGACTGACCAGTCCCCTATTACATTGCGTGAACCGA,AGGACCGGATCAACTGTGCCTCATGATCATTCAGCCCCACCCTAGAGCCTAGAAACGGGGAGGAAGGGAGGTGCTGCCAGGGACCCCTCCCTTCTCAAAGTCACCTGCTTTTCAACACCCGTCTTTCCTTCCTTCACTCACACACTGCTTGGGAGTTTGACTGCGTGTCAAGCTCTTGGTTTCTAGGCCCTGCTTCTTGGGACCTATAAAAGTGTGGATGGGGGCTGTGCTCTTGGGCAGGAGTCTGCAGAGAGCTGGGCATGGGGACTGACCAGTCCCCTATTACATTGCGTGAACCGA,22855,43866,41933,19313,37194,35345,0.083026402,0.098544509,0.083026402
5205,951_rs6725821_ref_optWin_A.951_rs6725821_var_optWin_A,AGGACCGGATCAACTGTGCTCTCTGGAGCAGCTGGAGAGCGGGTGCTATTGTGTCATCATCAGTGGTCTTTGAGCAGACTATGACTCATACTCATTCACCAGGCTTAGCTGGACATTTTTTATCTTTTTCCAAAAATTATATCTGGGGCACAAATGTGTCACATTTGCAGGTATTCAAAAGACTGTGCCTGAGGCCCCATGGAAAGCTGGGTGGAGGAAGAGCTCCCAAATCCAACATGTAAGCTTCCCCGAAATGGAAGACTTGTGTGCGGCATGATTCCCTGTCATTGCGTGAACCGA,AGGACCGGATCAACTGTGCTCTCTGGAGCAGCTGGAGAGCGGGTGCTATTGTGTCATCATCAGTGGTCTTTGAGCAGACTATGACTCATACTCATTCACCAGGCTTAGCTGGACATTTTTTATCTTTTTCCAAAAATTATATCTGGGGCACAAATGTGCCACATTTGCAGGTATTCAAAAGACTGTGCCTGAGGCCCCATGGAAAGCTGGGTGGAGGAAGAGCTCCCAAATCCAACATGTAAGCTTCCCCGAAATGGAAGACTTGTGTGCGGCATGATTCCCTGTCATTGCGTGAACCGA,3739,6785,6724,6386,12284,11415,-0.154513902,0.095419257,-0.154513902
5206,1055_rs73223431_ref_stdWin_A.1055_rs73223431_var_stdWin_A,AGGACCGGATCAACTGTCATTTCCTTATGCTGGTGAGACCCAGAGTTTCAGTGTTAGCACCCCCACACTGTGGCTCTTCTAGCCCAATGGAGAAGGGCTAAGGGTTTCTAAAGTCGTTGACCTAGGGATTTACTGTTGGGATGAATTTCTCACCTAGGGGAGGTGTTCTGTTTTTGCTGAGAGATGACTGTGGGGAGCAGGGTTCTCTGCTCCTCTGACACTACTCATCCTCCTTCCCAACACCTGTGGGCCTTTAGCAAAGCAACACCCCACCCCCACCTTCACCATTGCGTGAACCGA,AGGACCGGATCAACTGTCATTTCCTTATGCTGGTGAGACCCAGAGTTTCAGTGTTAGCACCCCCACACTGTGGCTCTTCTAGCCCAATGGAGAAGGGCTAAGGGTTTCTAAAGTCGTTGACCTAGGGATTTACTGTTGGGATGAATTTCTTACCTAGGGGAGGTGTTCTGTTTTTGCTGAGAGATGACTGTGGGGAGCAGGGTTCTCTGCTCCTCTGACACTACTCATCCTCCTTCCCAACACCTGTGGGCCTTTAGCAAAGCAACACCCCACCCCCACCTTCACCATTGCGTGAACCGA,28037,51913,49557,13388,26781,23956,-0.104349101,0.087624075,-0.104349101
5207,390_rs858507_ref_nonpeak3_A.390_rs858507_var_nonpeak3_A,AGGACCGGATCAACTTGCCCAGGACCTTTCCATCACATTTTTTTTTTTTTGAGATGGAGTTTTGTTCTTGTTGCCCAGACTGGAGTGCAATGGCACAATCTCGGCTCACCGCAACCTCCGCCTCCTGGGTTCAAGTGATTCTCCTGCCTCAGCCTCCTCAGTAGCTGGAATTACAAATATGCACCACCACACCCAGCTAATTTTGTATTTTTAGTAGAGACCAGGTTTCTCCATGTTGGTCAGGCTTGTCTCAAACTCCTGACCTCAGGTGAATTGCCTGCCTCGCATTGCGTGAACCGA,AGGACCGGATCAACTTGCCCAGGACCTTTCCATCACATTTTTTTTTTTTTGAGATGGAGTTTTGTTCTTGTTGCCCAGACTGGAGTGCAATGGCACAATCTCGGCTCACCGCAACCTCCGCCTCCTGGGTTCAAGTGATTCTCCTGCCTCGGCCTCCTCAGTAGCTGGAATTACAAATATGCACCACCACACCCAGCTAATTTTGTATTTTTAGTAGAGACCAGGTTTCTCCATGTTGGTCAGGCTTGTCTCAAACTCCTGACCTCAGGTGAATTGCCTGCCTCGCATTGCGTGAACCGA,5969,11590,10576,6038,12139,11415,-0.140346788,0.085137986,-0.140346788
5208,540_rs34283254_ref_stdWin_A.540_rs34283254_var_stdWin_A,AGGACCGGATCAACTACCCTCTCCTCCCCCCACCACCTCCCGCTACTACTGTTCACTCCCTTCCCCACCGTCCAGCCTTCCCCCACCCACCCAACACTTGCACACACTCTATCCCCTTTCCCCACGTTCTGCTGCGCACAGGAGCCTGGGCCTCAGGCACAGCCTGGGAGAGCACACCGTGGTGGGACATGAAACGGATTCTGGGGGTCTGGTTTGTGGACCAAGGTTCACTGCTCACCGTGTGGGGAGAGGTGAGTGGTGGTTGGACCAGGGCTTCTGAACTGCCATTGCGTGAACCGA,AGGACCGGATCAACTACCCTCTCCTCCCCCCACCACCTCCCGCTACTACTGTTCACTCCCTTCCCCACCGTCCAGCCTTCCCCCACCCACCCAACACTTGCACACACTCTATCCCCTTTCCCCACGTTCTGCTGCGCACAGGAGCCTGGGACTCAGGCACAGCCTGGGAGAGCACACCGTGGTGGGACATGAAACGGATTCTGGGGGTCTGGTTTGTGGACCAAGGTTCACTGCTCACCGTGTGGGGAGAGGTGAGTGGTGGTTGGACCAGGGCTTCTGAACTGCCATTGCGTGAACCGA,31149,56828,55659,27597,52220,49418,0.115940625,0.084158042,0.115940625
5209,247_rs56234850_ref_nonpeak2_A.247_rs56234850_var_nonpeak2_A,AGGACCGGATCAACTTCTTTGTTAGGGGGCCTGGGATGCCCTCTCAGTGTCATTTTGTCCAGGATGATGCTCCCTCTCTTAAGCGATTAATGCGCCCTTGCTAACCTTTTGCTATCGCTGCCTCTTCAAACCAGAGGAGTTGAGAGTTCCGGGCCGGCAGAGGAAGGCGCCTGAAAGGCCCCTGGCCAATGAGATTAGCGCCCACGTCCAGCCTGGACCCTGCGGAGAGGCCTCTGGGGTCTCTGGGCCGTGCCTCGGGGAGAAAGAGCCAGAAGCTCCCGTCCCCATTGCGTGAACCGA,AGGACCGGATCAACTTCTTTGTTAGGGGGCCTGGGATGCCCTCTCAGTGTCATTTTGTCCAGGATGATGCTCCCTCTCTTAAGCGATTAATGCGCCCTTGCTAACCTTTTGCTATCGCTGCCTCTTCAAACCAGAGGAGTTGAGAGTTCCAGGCCGGCAGAGGAAGGCGCCTGAAAGGCCCCTGGCCAATGAGATTAGCGCCCACGTCCAGCCTGGACCCTGCGGAGAGGCCTCTGGGGTCTCTGGGCCGTGCCTCGGGGAGAAAGAGCCAGAAGCTCCCGTCCCCATTGCGTGAACCGA,7301,14244,13110,5624,10948,10502,-0.13771265,0.071833193,-0.13771265
5210,277_rs148156289_ref_nonpeak1_A.277_rs148156289_var_nonpeak1_A,AGGACCGGATCAACTAGTTTCTGGAGTCTGTGGGCCCTCGGGTGCCATGTACAGGGGAGGCCCCACCAAAACGCCCTTGAGTCAGATGCCCAGTGTCACGGCCACTGGGCCCCACAGCCACTTTCTGGCTTCCTCTCGTAGGCTGTCCATGATGATCAACAGGAAGAACATGGTGGTCTCCTTTGGAGATGGGGTTACCTTCGTGGTCGTCCTACACCAGGTGTGGAAGAAACATCCTGTCCACCGTGACTTTCTAGGCTTCTACGTGGTGGACAGTCACCGGATCATTGCGTGAACCGA,AGGACCGGATCAACTAGTTTCTGGAGTCTGTGGGCCCTCGGGTGCCATGTACAGGGGAGGCCCCACCAAAACGCCCTTGAGTCAGATGCCCAGTGTCACGGCCACTGGGCCCCACAGCCACTTTCTGGCTTCCTCTCGTAGGCTGTCCATAATGATCAACAGGAAGAACATGGTGGTCTCCTTTGGAGATGGGGTTACCTTCGTGGTCGTCCTACACCAGGTGTGGAAGAAACATCCTGTCCACCGTGACTTTCTAGGCTTCTACGTGGTGGACAGTCACCGGATCATTGCGTGAACCGA,3255,5528,5496,12582,23141,22156,-0.160250626,0.071833193,-0.160250626
5211,592_rs6448451_ref_nonpeak2_A.592_rs6448451_var_nonpeak2_A,AGGACCGGATCAACTGCTCCCACTAAGCTTACACACCCAGCTTCTCGGGGCTCTTGGTTTCAGGAAAAGCAGAGCTCCGCTCCATGATAGCCCCACAAAAGCGTCCTTACTGAATGCGGCTCCCAGCCCACCATACCATCACTCTTTTTGGTTGCCATGTGTATTTTTTCTTCATGGTATTTAAGCCTCTTTAATATAATATTTTGTTTTTAATTTGTTCTTTTCATATGCCTTCCCACTAAAATGTAAGTTCTAGGAAGGCAAAAGCTTGTTTCCCTCCTGTTTCATTGCGTGAACCGA,AGGACCGGATCAACTGCTCCCACTAAGCTTACACACCCAGCTTCTCGGGGCTCTTGGTTTCAGGAAAAGCAGAGCTCCGCTCCATGATAGCCCCACAAAAGCGTCCTTACTGAATGCGGCTCCCAGCCCACCATACCATCACTCTTTTTGCTTGCCATGTGTATTTTTTCTTCATGGTATTTAAGCCTCTTTAATATAATATTTTGTTTTTAATTTGTTCTTTTCATATGCCTTCCCACTAAAATGTAAGTTCTAGGAAGGCAAAAGCTTGTTTCCCTCCTGTTTCATTGCGTGAACCGA,24768,44475,41291,6192,12402,11910,-0.146838593,0.071597158,-0.146838593
5212,359_rs62063845_ref_nonpeak2_A.359_rs62063845_var_nonpeak2_A,AGGACCGGATCAACTTGGGCCCCTCGACCTTGTTTCAGAATGGGGCCCCTGCTGGGCCAGCTGTGGGTGCCTGCCACGTGAAGGACTCATTAAGGCCCTGTTTAAGCCTGATGATAATAAGGCTTTCGTGGATTTTTCTCTTTAAGCGACTAAGCAAGTCCAGAGAAGACCACCCCCTGCAGGGCCCAGATCTGAGAGAGGTACTCGGGAGCCTACTTCGCTGGGAGCAGCCTCCCTTTGCGTGTGTGGCCATTCACTGGCTTGTGTTTCTAGAGCCGGGAGGACCATTGCGTGAACCGA,AGGACCGGATCAACTTGGGCCCCTCGACCTTGTTTCAGAATGGGGCCCCTGCTGGGCCAGCTGTGGGTGCCTGCCACGTGAAGGACTCATTAAGGCCCTGTTTAAGCCTGATGATAATAAGGCTTTCGTGGATTTTTCTCTTTAAGCGACCAAGCAAGTCCAGAGAAGACCACCCCCTGCAGGGCCCAGATCTGAGAGAGGTACTCGGGAGCCTACTTCGCTGGGAGCAGCCTCCCTTTGCGTGTGTGGCCATTCACTGGCTTGTGTTTCTAGAGCCGGGAGGACCATTGCGTGAACCGA,10235,20065,18824,10356,20355,19108,0.1183183,0.06161581,0.1183183
5213,85_rs11136093_ref_optWin_A.85_rs11136093_var_optWin_A,AGGACCGGATCAACTCCAGGTGGGGCGGGGACCCACGGCTGATACTCCTGAGGCGAGATTTCCGCCGGCCGAGGGGGTGCTAAAGTGAGCTGGTCTCAACACACTGCTGTCACCTCTGGGCTGGCGGCGGCCCACCCTGCCCCCACTCCCTGCCCAAGCCACTGTGCGCTGAGTCACTGGGAATACTCACTTCTCCATGACTAATGGCAGCCGGGCGGGCGAGGGGGAGGCTGGGGCCCAAGAGGCAGTCAACAGCCCCCAGCAATGCTGCCTGGTTAAAGGGCACATTGCGTGAACCGA,AGGACCGGATCAACTCCAGGTGGGGCGGGGACCCACGGCTGATACTCCTGAGGCGAGATTTCCGCCGGCCGAGGGGGTGCTAAAGTGAGCTGGTCTCAACACACTGCTGTCACCTCTGGGCTGGGGGCGGCCCACCCTGCCCCCACTCCCTGCCCAAGCCACTGTGCGCTGAGTCACTGGGAATACTCACTTCTCCATGACTAATGGCAGCCGGGCGGGCGAGGGGGAGGCTGGGGCCCAAGAGGCAGTCAACAGCCCCCAGCAATGCTGCCTGGTTAAAGGGCACATTGCGTGAACCGA,11287,22112,21084,9569,18354,17764,-0.131593696,0.06161581,-0.131593696
5214,912_rs3113001_ref_nonpeak1_A.912_rs3113001_var_nonpeak1_A,AGGACCGGATCAACTTGCCTCAGCCTCCCAAGTAACTGGGATTACAGGCACCTGCCACCACGCTCGGCTAATTTTTGTATTTTTAGTAGACAGGGTTTCACTGTGTTGACCAGGCTGGTCTTGAACTCCTGACCTCAGGTGATCCGCCAGCCTCAGCCTCCCAAAGTGCTGGGATTACAGGTGTCAGCCACCATGCCTGGCTTCTCCTGCTTGTCTTTTACCATATGACCTTCCTTTTCCTTTTAGATCCACTCAGTAGTCACAGGCAGCTACTTTCCTAGGAGCCATTGCGTGAACCGA,AGGACCGGATCAACTTGCCTCAGCCTCCCAAGTAACTGGGATTACAGGCACCTGCCACCACGCTCGGCTAATTTTTGTATTTTTAGTAGACAGGGTTTCACTGTGTTGACCAGGCTGGTCTTGAACTCCTGACCTCAGGTGATCCGCCAGTCTCAGCCTCCCAAAGTGCTGGGATTACAGGTGTCAGCCACCATGCCTGGCTTCTCCTGCTTGTCTTTTACCATATGACCTTCCTTTTCCTTTTAGATCCACTCAGTAGTCACAGGCAGCTACTTTCCTAGGAGCCATTGCGTGAACCGA,8406,15721,15001,4326,8230,7750,-0.136192488,0.06161581,-0.136192488
5215,598_rs3755519_ref_stdWin_A.598_rs3755519_var_stdWin_A,AGGACCGGATCAACTCTACTCAAGGAAAAGGCAGAACTGCGGTGGCAGAGAGGGCAGTCAGTGCTCTGGGCTCCGTGGCACAATCTTCCAGGCTGGAGCCCGCAGGCCTGGCCACCCCTCCAGGAAAGGGCCCCTCCCTGCGGGTGCAGGAGTGCTCTCTGCAGGCATTCCCTCCTCTTCCACCAGGGGGTAGCAGGTGCCAACGCGTCCGCCTCCCTGGACCATTTCACTCCTTCAAGTCACTGGCTCCACCGCGTTTTCTGTTCCCACCCCGTCACAACTTTGCATTGCGTGAACCGA,AGGACCGGATCAACTCTACTCAAGGAAAAGGCAGAACTGCGGTGGCAGAGAGGGCAGTCAGTGCTCTGGGCTCCGTGGCACAATCTTCCAGGCTGGAGCCCGCAGGCCTGGCCACCCCTCCAGGAAAGGGCCCCTCCCTGCGGGTGCAGGTGTGCTCTCTGCAGGCATTCCCTCCTCTTCCACCAGGGGGTAGCAGGTGCCAACGCGTCCGCCTCCCTGGACCATTTCACTCCTTCAAGTCACTGGCTCCACCGCGTTTTCTGTTCCCACCCCGTCACAACTTTGCATTGCGTGAACCGA,11839,22428,21922,11077,20905,19205,-0.124846618,0.044888274,-0.124846618
5216,125_rs1140239_ref_optWin_A.125_rs1140239_var_optWin_A,AGGACCGGATCAACTTCCAAGCCCCCAGACTCACTGGCATCATCCGAGTCATAGCTGTCCACCTCCGCACCATCCTCAGGCGTGGTGGCCCCAAGGAGGGCTGCAGGGGGGGCCAGAGCCAGGGGGACCAGATGGGCGGGGGCCTCCCCGCCGCCCCCGCCGCCCCCTTCAGGTCCTGGTCCCCGGGGGAAGTAGTCAGAGATCTGGCGGATGGGCCGGATGGGCCCGGGGCACACGTTGATGGCCATGTGCTCCTGGATGTTGATGGTCATGCGATCGCCCCTGCATTGCGTGAACCGA,AGGACCGGATCAACTTCCAAGCCCCCAGACTCACTGGCATCATCCGAGTCATAGCTGTCCACCTCCGCACCATCCTCAGGCGTGGTGGCCCCAAGGAGGGCTGCAGGGGGGGCCAGAGCCAGGGGGACCAGATGGGCGGGGGCCTCCCCGCCGCTCCCGCCGCCCCCTTCAGGTCCTGGTCCCCGGGGGAAGTAGTCAGAGATCTGGCGGATGGGCCGGATGGGCCCGGGGCACACGTTGATGGCCATGTGCTCCTGGATGTTGATGGTCATGCGATCGCCCCTGCATTGCGTGAACCGA,8180,15665,14903,15340,28293,26890,0.159769227,0.036061322,0.159769227
5217,304_rs71352241_ref_nonpeak2_A.304_rs71352241_var_nonpeak2_A,AGGACCGGATCAACTCATAGTCCCCTGAGCCATGTGCCCTGGGGTGCAGCTGGGTCCTTCAGGAGAAAAATGCTCTATTTCTGGCACTGGGACCGAGCCTGATGTGGGTTTTTTGTTGGTTTTTGTTGTTGTTATTGTTTTTGAGACAAGGTCTCGCTCCACCACACCCGGCTAATTTTTGTATTTTTAGTAGAGACGGGGTTTCACTACGTTGGCCAGGCTGGTCTTGAACTCCTGACCTCAAGTGAGCCGCCTGCCTCGGCCTCCCAAAGTGCTGGGATTACACATTGCGTGAACCGA,AGGACCGGATCAACTCATAGTCCCCTGAGCCATGTGCCCTGGGGTGCAGCTGGGTCCTTCAGGAGAAAAATGCTCTATTTCTGGCACTGGGACCGAGCCTGATGTGGGTTTTTTGTTGGTTTTTGTTGTTGTTATTGTTTTTGAGACAAGTTCTCGCTCCACCACACCCGGCTAATTTTTGTATTTTTAGTAGAGACGGGGTTTCACTACGTTGGCCAGGCTGGTCTTGAACTCCTGACCTCAAGTGAGCCGCCTGCCTCGGCCTCCCAAAGTGCTGGGATTACACATTGCGTGAACCGA,10911,20057,19325,23716,43852,41337,0.100629474,0.03494515,0.100629474
5218,606_rs3772031_ref_stdWin_A.606_rs3772031_var_stdWin_A,AGGACCGGATCAACTGGATATTAGCAATGCGTATGTGAGTGGTACTCACAATAACAGCACTGATTCATGGTTGCAGCCATTCTCTCACTCAGACACCCCCCCCCGCCCCCCGTCAGAGGGAGGGCGTCGTGAGTTCCAGATGTTCTGTTGGTGGGGAATGGTGTCAGCCAGCCGAGGGCCTGGAAGCTCCCATTGGCCAGGCAGTGTCTAAGGAACTGTCAGATGAGCTGTGAGGAGCCCAGGCTGTCCCACCAGCCTGGATGTGAGCTATCCTCAGTGCCACTGCATTGCGTGAACCGA,AGGACCGGATCAACTGGATATTAGCAATGCGTATGTGAGTGGTACTCACAATAACAGCACTGATTCATGGTTGCAGCCATTCTCTCACTCAGACACCCCCCCCCGCCCCCCGTCAGAGGGAGGGCGTCGTGAGTTCCAGATGTTCTGTTGATGGGGAATGGTGTCAGCCAGCCGAGGGCCTGGAAGCTCCCATTGGCCAGGCAGTGTCTAAGGAACTGTCAGATGAGCTGTGAGGAGCCCAGGCTGTCCCACCAGCCTGGATGTGAGCTATCCTCAGTGCCACTGCATTGCGTGAACCGA,15476,29916,28189,14656,28167,26982,-0.116645567,0.030091883,-0.116645567
5219,450_rs1878036_ref_nonpeak1_A.450_rs1878036_var_nonpeak1_A,AGGACCGGATCAACTGGATGAAGTCTCGGTGCGATTTTTGCAGAGTTGGGTTTATCTTTCAACTATAGACCCTTCTGGCTGTTCTCAGCCATATCATGTGACTCTGAATAGTTGGATGAGGAATGGAAAGAAAGCAAGGATGAGAGCCGGTCACGTGGCAGTCTCCGCCCAGCATCGGCTGTCCGCACAGAGGCACAGGGCAGGCCTCCTGTGCACTCCCCACCTAGCACTGGCCTGTCCTGAATCCCCGCCTTCCCTGGTTGGAGGCCAGCTGTGGCATTTGCACATTGCGTGAACCGA,AGGACCGGATCAACTGGATGAAGTCTCGGTGCGATTTTTGCAGAGTTGGGTTTATCTTTCAACTATAGACCCTTCTGGCTGTTCTCAGCCATATCATGTGACTCTGAATAGTTGGATGAGGAATGGAAAGAAAGCAAGGATGAGAGCCGGGCACGTGGCAGTCTCCGCCCAGCATCGGCTGTCCGCACAGAGGCACAGGGCAGGCCTCCTGTGCACTCCCCACCTAGCACTGGCCTGTCCTGAATCCCCGCCTTCCCTGGTTGGAGGCCAGCTGTGGCATTTGCACATTGCGTGAACCGA,7572,13954,13215,7393,15012,13629,-0.155240499,0.030091883,-0.155240499
5220,449_rs6485753_ref_nonpeak3_A.449_rs6485753_var_nonpeak3_A,AGGACCGGATCAACTGCCTGCTCTTCAGCAGGGCAAGACCCACGATGAACTCATGATAGCGAGTGTTCATTGCATGTTGGAAGGTGACACTCGCCATAGGAACAAGGGCATGCAGCTGGATAAGGGGCTTGCGGTAGGGGATGGAGTGGGCGGGGACAGTTTGCAGCATTCACGAGAGCAGGCAGGGCAGGCTTCACCAAGAGAGGTGCATCCGGCAAACCCTGGAAGCAAGTGAGGGAGCGAGCCAAGCAGATGTCTGGGAGAAGAATTCCGGGCAGAGGGACTCATTGCGTGAACCGA,AGGACCGGATCAACTGCCTGCTCTTCAGCAGGGCAAGACCCACGATGAACTCATGATAGCGAGTGTTCATTGCATGTTGGAAGGTGACACTCGCCATAGGAACAAGGGCATGCAGCTGGATAAGGGGCTTGCGGTAGGGGATGGAGTGGGTGGGGACAGTTTGCAGCATTCACGAGAGCAGGCAGGGCAGGCTTCACCAAGAGAGGTGCATCCGGCAAACCCTGGAAGCAAGTGAGGGAGCGAGCCAAGCAGATGTCTGGGAGAAGAATTCCGGGCAGAGGGACTCATTGCGTGAACCGA,4381,8088,7827,5623,10467,10437,-0.172030744,0.030091883,-0.172030744
5221,942_rs61869036_ref_nonpeak3_A.942_rs61869036_var_nonpeak3_A,AGGACCGGATCAACTTCTAGGCAGACACCTTGCAGGTGCCCAAGGGTTGTGGTTCCCACCCTGCTTTTAGGGCACAGGGTTGGGGGTTAGAGGCTTCCTTCTCTTCATTTGTTTTTGGTTTTGTTTTTTTGTTGTTGTTTTTTTAAGACAGAGTCTCACTCTGTCGCCCAGGCTGGAGTGCAGTGCTGCAATCTTGGCTCACTGCAACCTCTCACCCCTGGGTTCAAGCGATTCTCGTGCATCATCAACTTCCTAAGCAGCTGGGATTATGATGCCCACCGCCACCATTGCGTGAACCGA,AGGACCGGATCAACTTCTAGGCAGACACCTTGCAGGTGCCCAAGGGTTGTGGTTCCCACCCTGCTTTTAGGGCACAGGGTTGGGGGTTAGAGGCTTCCTTCTCTTCATTTGTTTTTGGTTTTGTTTTTTTGTTGTTGTTTTTTTAAGACACAGTCTCACTCTGTCGCCCAGGCTGGAGTGCAGTGCTGCAATCTTGGCTCACTGCAACCTCTCACCCCTGGGTTCAAGCGATTCTCGTGCATCATCAACTTCCTAAGCAGCTGGGATTATGATGCCCACCGCCACCATTGCGTGAACCGA,23937,45398,42935,24032,48153,45270,0.105594603,0.027752655,0.105594603
5222,615_rs858506_ref_nonpeak1_A.615_rs858506_var_nonpeak1_A,AGGACCGGATCAACTGGGTCTGTGTCTCCCACCTCAGACTAGCTCCAGGGCAGGTCCATGTCTCCCACCTCAGACTAGTTCTGGGGCGGGTCTTTGTCTCCCCGCTCAGACTAGCTCTGGAACGGGTCCTTGCCTTCCCACTCAGATTAGTTCCGGGGTGGGTCCATGTCTCCCCGCTCAGACTAGCTCCAGGGAAGGTCTGTGTCTCTTCCCTCAGATGAGCTCCTGGCAAAGCCTCCCCCGTCAGACTAAGACTCCTAGGCAGAGCCGTGCCTCCCCCTGGTCCATTGCGTGAACCGA,AGGACCGGATCAACTGGGTCTGTGTCTCCCACCTCAGACTAGCTCCAGGGCAGGTCCATGTCTCCCACCTCAGACTAGTTCTGGGGCGGGTCTTTGTCTCCCCGCTCAGACTAGCTCTGGAACGGGTCCTTGCCTTCCCACTCAGATTAGCTCCGGGGTGGGTCCATGTCTCCCCGCTCAGACTAGCTCCAGGGAAGGTCTGTGTCTCTTCCCTCAGATGAGCTCCTGGCAAAGCCTCCCCCGTCAGACTAAGACTCCTAGGCAGAGCCGTGCCTCCCCCTGGTCCATTGCGTGAACCGA,27917,52551,49461,16511,30697,29748,-0.10456964,0.023397193,-0.10456964
5223,221_rs10754947_ref_nonpeak1_A.221_rs10754947_var_nonpeak1_A,AGGACCGGATCAACTCCCTGCCCTCTGTACACCCAATGTGGCCTCAAATGCCCTTTGCATCCTGGCTGTGCCATATTTGCACACTAAGGAGTTCTGCTGCAGCAGGGCTGGAGGGCTAAGTCTCACTTCCCCCCACCTGCTATGCTCCTCGCCCCACACCTATGGCAGGAGTGACTTCCTGCCACAGTGGAGGGGGAACCAGTGACCCCGTGCTAGATGGCCGCTTTTTCCTTGCATTAGGCGAAACCAAAACTATATGAACATTCTCCGGTTCCTGGCCCTGGGCATTGCGTGAACCGA,AGGACCGGATCAACTCCCTGCCCTCTGTACACCCAATGTGGCCTCAAATGCCCTTTGCATCCTGGCTGTGCCATATTTGCACACTAAGGAGTTCTGCTGCAGCAGGGCTGGAGGGCTAAGTCTCACTTCCCCCCACCTGCTATGCTCCTCACCCCACACCTATGGCAGGAGTGACTTCCTGCCACAGTGGAGGGGGAACCAGTGACCCCGTGCTAGATGGCCGCTTTTTCCTTGCATTAGGCGAAACCAAAACTATATGAACATTCTCCGGTTCCTGGCCCTGGGCATTGCGTGAACCGA,13581,25439,24559,9511,19295,17990,0.144443556,0.015006162,0.144443556
5224,1056_rs6968810_ref_nonpeak1_A.1056_rs6968810_var_nonpeak1_A,AGGACCGGATCAACTAACGTATGCAAAGGATTCAGTCCTCAAAAGACCTGCATTCTCCATTACACTTTTGTTGTTGTTCTTGTTGTTGTTGTTGTTATTGTTGTTGAGACGGAGTCTCACTCTGTCGCCCAGGCTGGAGTGCAGTGGCGCGATCTCGGCTCACTGCAAGCTCCGCCTCCTGGGTTCACGCCATTCTCCTGCCTCAGCCTCCTGAGTAGCTGGGACCACAGGCGCCCACCACCACGCCCGGCTAATTTTTTTGTATTTTTAGTAGAGACGGGGTTTCATTGCGTGAACCGA,AGGACCGGATCAACTAACGTATGCAAAGGATTCAGTCCTCAAAAGACCTGCATTCTCCATTACACTTTTGTTGTTGTTCTTGTTGTTGTTGTTGTTATTGTTGTTGAGACGGAGTCTCACTCTGTCGCCCAGGCTGGAGTGCAGTGGCGCAATCTCGGCTCACTGCAAGCTCCGCCTCCTGGGTTCACGCCATTCTCCTGCCTCAGCCTCCTGAGTAGCTGGGACCACAGGCGCCCACCACCACGCCCGGCTAATTTTTTTGTATTTTTAGTAGAGACGGGGTTTCATTGCGTGAACCGA,18102,33785,32453,11148,21427,19977,-0.116459291,0.015006162,-0.116459291
5225,124_rs6024881_ref_nonpeak2_A.124_rs6024881_var_nonpeak2_A,AGGACCGGATCAACTAGCTCAGTATCAGAGTCACAGCCTCCTGGTCCCTAGAGAACATCGGAATCACCTGGCAAGCTTGTTAACACTGCAGGTTCCCGGCCCCCCTCGACACCCAGAGACTCCGTCCAACTCGCGTGGGCCCAAGAATCTTCATGTTAACCTGCTTCAGGTGAACTTCCCAGGTGAGGCAGGTAAAGAACATCGTGGGCCACGTGCGAGGAAGGCTGCCTCCACCGGGGAGCCTCCCACCCGTGCCCTGCTGTCTTGAGAGTGAAGAGCCTGCCACATTGCGTGAACCGA,AGGACCGGATCAACTAGCTCAGTATCAGAGTCACAGCCTCCTGGTCCCTAGAGAACATCGGAATCACCTGGCAAGCTTGTTAACACTGCAGGTTCCCGGCCCCCCTCGACACCCAGAGACTCCGTCCAACTCGCGTGGGCCCAAGAATCTGCATGTTAACCTGCTTCAGGTGAACTTCCCAGGTGAGGCAGGTAAAGAACATCGTGGGCCACGTGCGAGGAAGGCTGCCTCCACCGGGGAGCCTCCCACCCGTGCCCTGCTGTCTTGAGAGTGAAGAGCCTGCCACATTGCGTGAACCGA,5865,11442,10830,6350,12237,11009,-0.173842047,0.015006162,-0.173842047
5226,633_rs3885075_ref_stdWin_A.633_rs3885075_var_stdWin_A,AGGACCGGATCAACTGGCTGGCCGGGGGATGGCACTGAGCCCCCAGCACCACCCCTACACCTGCTGCCTGTATCAGCACCCTCTCCTCCCCCCACCACCTCCCGCTACTACTGTTCACTCCCTTCCCCACCGTCCAGCCTTCCCCCACCCACCCAACACTTGCACACACTCTATCCCCTTTCCCCACGTTCTGCTGCGCACAGGAGCCTGGGCCTCAGGCACAGCCTGGGAGAGCACACCGTGGTGGGACATGAAACGGATTCTGGGGGTCTGGTTTGTGGACCACATTGCGTGAACCGA,AGGACCGGATCAACTGGCTGGCCGGGGGATGGCACTGAGCCCCCAGCACCACCCCTACACCTGCTGCCTGTATCAGCACCCTCTCCTCCCCCCACCACCTCCCGCTACTACTGTTCACTCCCTTCCCCACCGTCCAGCCTTCCCCCACCCGCCCAACACTTGCACACACTCTATCCCCTTTCCCCACGTTCTGCTGCGCACAGGAGCCTGGGCCTCAGGCACAGCCTGGGAGAGCACACCGTGGTGGGACATGAAACGGATTCTGGGGGTCTGGTTTGTGGACCACATTGCGTGAACCGA,20263,38821,36553,22999,43377,41191,0.104224145,0.012987186,0.104224145
5227,529_rs4527225_ref_nonpeak2_A.529_rs4527225_var_nonpeak2_A,AGGACCGGATCAACTTTGGAAAGATGGATATGTAGTCTCTGGGATCATTGTCTTTGATGTATTTAGAGCTTAGCAGCTGTCCTGTCAGCCCGAGCCCTGTGTCACTCGGCATCTCTGCCAATGTTACTACGTCCCAAGAAGCTTTTCAGGTGGCTTCCAGGTCTGTATTGGAAGCAATGACCTACCTGTGTTGTGAGATATCCCAGGAGCCAGCCTCTGTCACTCACAGGCTTCCAGATTGCTCTGCCCTGGCCTGGGGTCTCTGTCTGAAGTAGAGCATGAAAGCATTGCGTGAACCGA,AGGACCGGATCAACTTTGGAAAGATGGATATGTAGTCTCTGGGATCATTGTCTTTGATGTATTTAGAGCTTAGCAGCTGTCCTGTCAGCCCGAGCCCTGTGTCACTCGGCATCTCTGCCAATGTTACTACGTCCCAAGAAGCTTTTCAGGGGGCTTCCAGGTCTGTATTGGAAGCAATGACCTACCTGTGTTGTGAGATATCCCAGGAGCCAGCCTCTGTCACTCACAGGCTTCCAGATTGCTCTGCCCTGGCCTGGGGTCTCTGTCTGAAGTAGAGCATGAAAGCATTGCGTGAACCGA,9733,17844,17999,26759,48747,47832,-0.127740519,0.008424433,-0.127740519
5228,240_rs1380295_ref_stdWin_A.240_rs1380295_var_stdWin_A,AGGACCGGATCAACTTTTGTTTGTTTTTCTTCCCCCCCGCACTTGGGTATGCAGGCTGGCCTGCAACTTCTCTGCGCCGCGCCGCTGGGGGGCTGAGTCTGTCGCTCCCTGCGCCCGGAACCATGCGCTGCCCGGTGGCCGGGTCTGACCCGACTGCTTTAGCTTCCTTAGGCTCCGCGATAGAAGGGTGGTGGAAGCCGCAAGAGTTGTCGGCTCCTTGTGGGTTCAGGCTGCGCTTTGCGTTTTAAGTGCTGGAAACTTTCCGGGGTCGCTGTCTTCCTGTCACATTGCGTGAACCGA,AGGACCGGATCAACTTTTGTTTGTTTTTCTTCCCCCCCGCACTTGGGTATGCAGGCTGGCCTGCAACTTCTCTGCGCCGCGCCGCTGGGGGGCTGAGTCTGTCGCTCCCTGCGCCCGGAACCATGCGCTGCCCGGTGGCCGGGTCTGACCGGACTGCTTTAGCTTCCTTAGGCTCCGCGATAGAAGGGTGGTGGAAGCCGCAAGAGTTGTCGGCTCCTTGTGGGTTCAGGCTGCGCTTTGCGTTTTAAGTGCTGGAAACTTTCCGGGGTCGCTGTCTTCCTGTCACATTGCGTGAACCGA,23365,43997,41973,16065,31371,30060,0.126095921,0.006491523,0.126095921
5229,356_rs75686108_ref_nonpeak2_A.356_rs75686108_var_nonpeak2_A,AGGACCGGATCAACTAGTCCCACCATCCCTCCCGACTCTCACTCCCAACAGACTTCCCACTGTAAAGCTGAACTCTCCAGCAAATCACCTCTCGCCAGACTCTCTCCTCACTCTCTCTGGGTCCACTAGAGGTTCCTCAGCCTCTCTTTGCCTTGGTTTTCCCAGCTGTAAAATGGAGCAAAGAGGGCCTATGTACCCACAAAGGTGTGGTTGGAGCGACTCCTCCTACATTAGGGCCTCGAGTGGGGCTTCATGATTGGTTGGTGGAGGTCTCCAAACCCACCCCATTGCGTGAACCGA,AGGACCGGATCAACTAGTCCCACCATCCCTCCCGACTCTCACTCCCAACAGACTTCCCACTGTAAAGCTGAACTCTCCAGCAAATCACCTCTCGCCAGACTCTCTCCTCACTCTCTCTGGGTCCACTAGAGGTTCCTCAGCCTCTCTTTGTCTTGGTTTTCCCAGCTGTAAAATGGAGCAAAGAGGGCCTATGTACCCACAAAGGTGTGGTTGGAGCGACTCCTCCTACATTAGGGCCTCGAGTGGGGCTTCATGATTGGTTGGTGGAGGTCTCCAAACCCACCCCATTGCGTGAACCGA,24680,44396,42825,13610,26089,24617,0.123726068,0.004485552,0.123726068
5230,761_rs62066460_ref_nonpeak1_A.761_rs62066460_var_nonpeak1_A,AGGACCGGATCAACTGGGCACGGTGGCTCACACTTTGGGAGGTGGCCAAGGCAGGCAGATCGCTTAGTCCAGGAGTTGGAGACCAGCCTGAGCCACATAGTGAAACCCTATCTCTACAAAAAATTTAAAAATTAGCTGTGCGCGGTCACGCGCACCTGTAGTCCCAGATATTGGAGGGCAGTGGGGGTTGGCGCTGAGGTGGGAGGATCACTTGAGGCCAGAAGGTCAAGGCTGCAGTGAGCCGAGGCTGAGTCACTGCACTCCAGCCTGGGTGGCACAGCAAAACATTGCGTGAACCGA,AGGACCGGATCAACTGGGCACGGTGGCTCACACTTTGGGAGGTGGCCAAGGCAGGCAGATCGCTTAGTCCAGGAGTTGGAGACCAGCCTGAGCCACATAGTGAAACCCTATCTCTACAAAAAATTTAAAAATTAGCTGTGCGCGGTCACGTGCACCTGTAGTCCCAGATATTGGAGGGCAGTGGGGGTTGGCGCTGAGGTGGGAGGATCACTTGAGGCCAGAAGGTCAAGGCTGCAGTGAGCCGAGGCTGAGTCACTGCACTCCAGCCTGGGTGGCACAGCAAAACATTGCGTGAACCGA,6385,12641,10956,4606,8242,8173,0.231013752,0.002059183,0.231013752
5231,670_rs4575098_ref_optWin_A.670_rs4575098_var_optWin_A,AGGACCGGATCAACTCTCCCCCGCCTTCCCTGACCCCCCTCTTTCTGAGCATTTTTAGCACTCGTGGTTTCCTCCAGCTGTCATCTGGTTTCTCGTGGTGCCAATGATTTTGGCTTGGCCCCAGCAACAGTCAATGGGGAAGGTACTCAATTGGTTCAGAAACATCCTCTCAGCCAATAAAATGTTAATACATTGAAATCCACTTTCTTCTCCCTTCCTCCCCCACAAGCCCTGACCAATGAGATGCTAGTTTTGTCACTTACTGCCAATCTGGTATTTTAGAAACATTGCGTGAACCGA,AGGACCGGATCAACTCTCCCCCGCCTTCCCTGACCCCCCTCTTTCTGAGCATTTTTAGCACTCGTGGTTTCCTCCAGCTGTCATCTGGTTTCTCGTGGTGCCAATGATTTTGGCTTGGCCCCAGCAACAGTCAATGGGGAAGGTACTCAATTGGTTCAGAAACATCCTCTCAGCCAATAAAATATTAATACATTGAAATCCACTTTCTTCTCCCTTCCTCCCCCACAAGCCCTGACCAATGAGATGCTAGTTTTGTCACTTACTGCCAATCTGGTATTTTAGAAACATTGCGTGAACCGA,10507,19205,18203,4000,8123,7814,-0.202839903,0.002059183,-0.202839903
5232,1176_rs8103622_ref_optWin_A.1176_rs8103622_var_optWin_A,AGGACCGGATCAACTAGAATCCAAGCTTTAGGGAACAGAGAGGGCGCTGCCGTGTCCTAAGCCAGTGCTGCTGACCAGGTGCCCAGAGGTTTGAGACTATAGACAGTGCTGGTGGGAGGCACCACACCAACCACAGCAAAAGCCAGCTTGCTCCTTGGGGACCCTGGGCGACCAAGAGCGCCACCTGCTGCCCAAGGCAGGCACCTGCAGGGCACCCAGCCTCAGAAGTGGGAGGTGCAGGCGGCAGAACTGTGTTAGAGCCTTACTTACTTCATCACAGGCAACCATTGCGTGAACCGA,AGGACCGGATCAACTAGAATCCAAGCTTTAGGGAACAGAGAGGGCGCTGCCGTGTCCTAAGCCAGTGCTGCTGACCAGGTGCCCAGAGGTTTGAGACTATAGACAGTGCTGGTGGGAGGCACCACACCAACCACAGCAAAAGCCAGCTTGCTCCTTGGGGACCCTGGGCGACCAAGAGTGCCACCTGCTGCCCAAGGCAGGCACCTGCAGGGCACCCAGCCTCAGAAGTGGGAGGTGCAGGCGGCAGAACTGTGTTAGAGCCTTACTTACTTCATCACAGGCAACCATTGCGTGAACCGA,5186,9533,9210,4112,7999,7547,-0.225821551,0.00170152,-0.225821551
5233,381_rs2293580_ref_nonpeak3_A.381_rs2293580_var_nonpeak3_A,AGGACCGGATCAACTAGGCCCAGGCAGCAGCTGCAGCACCACACACAGCCCCAGAAAGCCTCATCCTGACCAGTGGTATGGGGCCCACGGCTGTCTCCGGGTTTCCAGGCGTCAGCACCTGGGGAAGGTGCCTCCCACACACGCCCCCACTCCTCCAGCCAGAGCCCAGGGAAGGCAGACAAGCAGCGGCAGGGACCCTAAACCATCTTTTATTGCGCACTTCAGCCGTGAGACTGGGGCTGGCCTGTGTGCCCTAGGCGTAGTATTGTAGGTTGGCTTTCTTCTCATTGCGTGAACCGA,AGGACCGGATCAACTAGGCCCAGGCAGCAGCTGCAGCACCACACACAGCCCCAGAAAGCCTCATCCTGACCAGTGGTATGGGGCCCACGGCTGTCTCCGGGTTTCCAGGCGTCAGCACCTGGGGAAGGTGCCTCCCACACACGCCCCCACACCTCCAGCCAGAGCCCAGGGAAGGCAGACAAGCAGCGGCAGGGACCCTAAACCATCTTTTATTGCGCACTTCAGCCGTGAGACTGGGGCTGGCCTGTGTGCCCTAGGCGTAGTATTGTAGGTTGGCTTTCTTCTCATTGCGTGAACCGA,7898,14195,14162,7044,13168,12623,0.179186276,0.001681579,0.179186276
5234,1056_rs6968810_var_nonpeak1_A.1056_rs6968810_var_nonpeak1_B,AGGACCGGATCAACTAACGTATGCAAAGGATTCAGTCCTCAAAAGACCTGCATTCTCCATTACACTTTTGTTGTTGTTCTTGTTGTTGTTGTTGTTATTGTTGTTGAGACGGAGTCTCACTCTGTCGCCCAGGCTGGAGTGCAGTGGCGCAATCTCGGCTCACTGCAAGCTCCGCCTCCTGGGTTCACGCCATTCTCCTGCCTCAGCCTCCTGAGTAGCTGGGACCACAGGCGCCCACCACCACGCCCGGCTAATTTTTTTGTATTTTTAGTAGAGACGGGGTTTCATTGCGTGAACCGA,AGGACCGGATCAACTAACGTATGCAAAGGATTCAGTCCTCAAAAGACCTGCATTCTCCATTACACTTTTGTTGTTGTTCTTGTTGTTGTTGTTGTTATTGTTGTTGAGACGGAGTCTCACTCTGTCGCCCAGGCTGGAGTGCAGTGGCGCCATCTCGGCTCACTGCAAGCTCCGCCTCCTGGGTTCACGCCATTCTCCTGCCTCAGCCTCCTGAGTAGCTGGGACCACAGGCGCCCACCACCACGCCCGGCTAATTTTTTTGTATTTTTAGTAGAGACGGGGTTTCATTGCGTGAACCGA,11148,21427,19977,19528,37115,34962,0.126249054,0.001681579,0.126249054
5235,377_rs78011262_ref_nonpeak2_A.377_rs78011262_var_nonpeak2_A,AGGACCGGATCAACTATATCTATAGCCAGGGCCATTGCAATTAGCTGACATATGGGCAGCCCTTGGCATCCACCAGGCTGATTACATGGCTCATATTTATTTTTATGTTACGTTACGTTACGTTACGTTACGTTACGTTACGTTATGTTATGTCATGTTATTTTTTGAGATGGAGTCTCACTCTGTCACCCAGGCTGGAGTACAGTGGCGCGATCTCTGCTCACTGCAAGCTCCGCCTCCAAGGTTCAAGCAGTTCTCCTGCCTCAGCCTCGCGAGTAGCTGGGACATTGCGTGAACCGA,AGGACCGGATCAACTATATCTATAGCCAGGGCCATTGCAATTAGCTGACATATGGGCAGCCCTTGGCATCCACCAGGCTGATTACATGGCTCATATTTATTTTTATGTTACGTTACGTTACGTTACGTTACGTTACGTTACGTTATGTTACGTCATGTTATTTTTTGAGATGGAGTCTCACTCTGTCACCCAGGCTGGAGTACAGTGGCGCGATCTCTGCTCACTGCAAGCTCCGCCTCCAAGGTTCAAGCAGTTCTCCTGCCTCAGCCTCGCGAGTAGCTGGGACATTGCGTGAACCGA,4422,8190,7645,3761,7422,6715,0.207756549,0.001516342,0.207756549
5236,230_rs75045569_ref_nonpeak3_A.230_rs75045569_var_nonpeak3_A,AGGACCGGATCAACTTCCTTCTAAGATCCATCTTTCTTGTTGCCTCCATCAACAGTTTCTCTTTTTCGATGCTGGGCAGTATTCCCTATAGAGATGCCCTAAGACATCATTTAAAATTACAAAATCAAACCCCAAAACTCCTCCTTTTTTTTGGTCCCCTAGGAACCACAGGCCTCGTAGCAGACAGGGCCTCCCAGAGGGACACCTCTTTCCCCTTCTGGCGTCTGGCCCTGTTCTCATTCTGCAGTCAGAAAGGAAAGCCTGCAGAGTCCCTGCAGCCCAGGCCATTGCGTGAACCGA,AGGACCGGATCAACTTCCTTCTAAGATCCATCTTTCTTGTTGCCTCCATCAACAGTTTCTCTTTTTCGATGCTGGGCAGTATTCCCTATAGAGATGCCCTAAGACATCATTTAAAATTACAAAATCAAACCCCAAAACTCCTCCTTTTTTGTGGTCCCCTAGGAACCACAGGCCTCGTAGCAGACAGGGCCTCCCAGAGGGACACCTCTTTCCCCTTCTGGCGTCTGGCCCTGTTCTCATTCTGCAGTCAGAAAGGAAAGCCTGCAGAGTCCCTGCAGCCCAGGCCATTGCGTGAACCGA,4190,8149,8013,12318,24142,23373,-0.173377905,0.001427037,-0.173377905
5237,270_rs12355584_ref_nonpeak3_A.270_rs12355584_var_nonpeak3_A,AGGACCGGATCAACTGCAGAAGAATTTTTCTTAGTACAGAACAAAGTGGAGTCTCCTGTGTCTACTTCTTTCTACACAGACACAGCAACAATCTGATTTCTCTATCTTTTCCCCACATTTCCCCCTTTTCTATTCGACAAAACCGCCATCGTCATCATGACCCGTTCTCAGTGAGCTGTTGGGTACACCTCCCAGACGGGGCGGCTGCCGGGCGGAGGGGCTCCTCACTTCTCAGACTGGGCAGCTGCCGGGCGGAGGGGCTCCTCACTTCTCAGACGGGGCGGCCATTGCGTGAACCGA,AGGACCGGATCAACTGCAGAAGAATTTTTCTTAGTACAGAACAAAGTGGAGTCTCCTGTGTCTACTTCTTTCTACACAGACACAGCAACAATCTGATTTCTCTATCTTTTCCCCACATTTCCCCCTTTTCTATTCGACAAAACCGCCATCATCATCATGACCCGTTCTCAGTGAGCTGTTGGGTACACCTCCCAGACGGGGCGGCTGCCGGGCGGAGGGGCTCCTCACTTCTCAGACTGGGCAGCTGCCGGGCGGAGGGGCTCCTCACTTCTCAGACGGGGCGGCCATTGCGTGAACCGA,7820,14227,14024,6804,13152,12740,-0.185298167,0.001277461,-0.185298167
5238,706_rs507062_ref_stdWin_A.706_rs507062_var_stdWin_A,AGGACCGGATCAACTCCTGCACTTGGCCGCAGCCAGCTTGTTCCGCTCGCGCCTTACTCGGCGGCGCTCCTCTTCCTCCGGGCTGATCTGGGGGTGAGACCCGCAGTGAGGAGGACCCTGGGCTACTGGCTGCCTGGAACTCGCCCCTCATGGTGGCCCAGTGGTAGGACCCTGGCAGAGGTCATGGCAGGGCCCCCTCAGCCGGTGATTTAGGGATCACTGCACCCAACCAGTTCCCTGCACTGAGGCGCTGTCTGCTTTGATTGGTAAAATTTCCTCCTCGCACATTGCGTGAACCGA,AGGACCGGATCAACTCCTGCACTTGGCCGCAGCCAGCTTGTTCCGCTCGCGCCTTACTCGGCGGCGCTCCTCTTCCTCCGGGCTGATCTGGGGGTGAGACCCGCAGTGAGGAGGACCCTGGGCTACTGGCTGCCTGGAACTCGCCCCTCACGGTGGCCCAGTGGTAGGACCCTGGCAGAGGTCATGGCAGGGCCCCCTCAGCCGGTGATTTAGGGATCACTGCACCCAACCAGTTCCCTGCACTGAGGCGCTGTCTGCTTTGATTGGTAAAATTTCCTCCTCGCACATTGCGTGAACCGA,13404,25166,23964,15050,28812,27449,-0.141953196,0.001135866,-0.141953196
5239,750_rs56150806_ref_optWin_A.750_rs56150806_var_optWin_A,AGGACCGGATCAACTATCCTCGACAAAGCTTGTGATTGTCTGGGTTTTGTGACAAAGTGGGTGTGCTGGTTCTTGTTTTTTAAAAGATCCACGACTCCCTGCGTGGAGAACAGGGCCTGGAGTGAGGGTCTAGGTTGCCCATTCGTTGCTGGGGGGCCAGAAAGGGTTTTACTGTCACAGCCCTCCTGTGGCCTACAGGCGAGCCTCCCTCTCCTAACCACCCTCCTGCCAACCTCCCCTTTGAAATGGGAGCACTCGGAAGGGACAGCTGGCAGCCTCCTCCCCCATTGCGTGAACCGA,AGGACCGGATCAACTATCCTCGACAAAGCTTGTGATTGTCTGGGTTTTGTGACAAAGTGGGTGTGCTGGTTCTTGTTTTTTAAAAGATCCACGACTCCCTGCGTGGAGAACAGGGCCCGGAGTGAGGGTCTAGGTTGCCCATTCGTTGCTGGGGGGCCAGAAAGGGTTTTACTGTCACAGCCCTCCTGTGGCCTACAGGCGAGCCTCCCTCTCCTAACCACCCTCCTGCCAACCTCCCCTTTGAAATGGGAGCACTCGGAAGGGACAGCTGGCAGCCTCCTCCCCCATTGCGTGAACCGA,10844,20778,19530,22447,40780,37619,0.160411795,0.001101446,0.160411795
5240,449_rs658524_ref_nonpeak2_A.449_rs658524_var_nonpeak2_A,AGGACCGGATCAACTAAGAAAGAAAAAGGGGTGGGATGGGGAGCAGACAGGCAGGGACTGAAAGCCTGAAGGCCTGAGCAACTTGTGGGTTCTAGGGGTCCACCCTCCACCCACCAAGCCTGTCTTCCCCTTCGTGGTTTCTCCAGCCCCACCCTCACACCGTCCTCCTCGATCTGCGCGGCTTCCTGCCTCCATGCCACTCCAGACTGCACCGGCATGGCACTGACTGCCCACCCCTCCTGCCTCCTGGCCCTGTTGGTGGCAGGCCTAGCCCAAGGCATCAGACATTGCGTGAACCGA,AGGACCGGATCAACTAAGAAAGAAAAAGGGGTGGGATGGGGAGCAGACAGGCAGGGACTGAAAGCCTGAAGGCCTGAGCAACTTGTGGGTTCTAGGGGTCCACCCTCCACCCACCAAGCCTGTCTTCCCCTTCGTGGTTTCTCCAGCCCCGCCCTCACACCGTCCTCCTCGATCTGCGCGGCTTCCTGCCTCCATGCCACTCCAGACTGCACCGGCATGGCACTGACTGCCCACCCCTCCTGCCTCCTGGCCCTGTTGGTGGCAGGCCTAGCCCAAGGCATCAGACATTGCGTGAACCGA,15044,28864,27982,16909,32518,30667,0.158157494,3.59e-05,0.158157494
5241,1111_rs112170101_ref_nonpeak1_A.1111_rs112170101_var_nonpeak1_A,AGGACCGGATCAACTTGGCACGATCTAGGCTCACTGCAACCTCTGCCTCCCGGGCTCAAGCAGTTCTCCTGCCTCAGCCCCCCGAGTAGCTGGAATTACAGGTGCCCGCCACCACACCCGGCTAATTTTTGTAGTTTTACTAGAGACGGGGTTTCACCATGCTGGTCAGACTGGCCTCGAACTTCTGACCTCAGGTGATCCGCACGCCTCGGCCTCTCAAAGTGCTGGGATTACAGGTGTGAGCCCTTGTGCCCAGCGGGATGGGGACTTTTTAAACTGAGATTGCATTGCGTGAACCGA,AGGACCGGATCAACTTGGCACGATCTAGGCTCACTGCAACCTCTGCCTCCCGGGCTCAAGCAGTTCTCCTGCCTCAGCCCCCCGAGTAGCTGGAATTACAGGTGCCCGCCACCACACCCGGCTAATTTTTGTAGTTTTACTAGAGACGGGCTTTCACCATGCTGGTCAGACTGGCCTCGAACTTCTGACCTCAGGTGATCCGCACGCCTCGGCCTCTCAAAGTGCTGGGATTACAGGTGTGAGCCCTTGTGCCCAGCGGGATGGGGACTTTTTAAACTGAGATTGCATTGCGTGAACCGA,12868,24560,22490,15707,30913,28986,-0.184511022,1.27e-05,-0.184511022
5242,669_rs6883113_ref_nonpeak3_A.669_rs6883113_var_nonpeak3_A,AGGACCGGATCAACTGGTTTAGCACCATCCCCTTGGTGCTGTTCTTGTGATAGAGTTCTTGTGATATCTGCTTGTTAAAAAGTATGCAGCACCTCACCACCCCTCAACTCTCTCTCTTGCTCCTCCTCCCACCATGTAAGATTCCTGCTCCGCCTTTGCCTTCTGCCATAAGTAAAAGCTTCCTGAGGTCTCCCCAACAGCAGAAGCCACTGTGCTTCCTGTACAGCCTGCAGAACTGTGAGCCAAGTAAACCTCTTTTCTTTCTAAATTACCCAGTCTTGGGTACATTGCGTGAACCGA,AGGACCGGATCAACTGGTTTAGCACCATCCCCTTGGTGCTGTTCTTGTGATAGAGTTCTTGTGATATCTGCTTGTTAAAAAGTATGCAGCACCTCACCACCCCTCAACTCTCTCTCTTGCTCCTCCTCCCACCATGTAAGATTCCTGCTCTGCCTTTGCCTTCTGCCATAAGTAAAAGCTTCCTGAGGTCTCCCCAACAGCAGAAGCCACTGTGCTTCCTGTACAGCCTGCAGAACTGTGAGCCAAGTAAACCTCTTTTCTTTCTAAATTACCCAGTCTTGGGTACATTGCGTGAACCGA,14345,27702,25806,12753,24183,23429,-0.194361913,1.24e-05,-0.194361913
5243,606_rs3772031_ref_optWin_A.606_rs3772031_var_optWin_A,AGGACCGGATCAACTGTACTCACAATAACAGCACTGATTCATGGTTGCAGCCATTCTCTCACTCAGACACCCCCCCCCGCCCCCCGTCAGAGGGAGGGCGTCGTGAGTTCCAGATGTTCTGTTGGTGGGGAATGGTGTCAGCCAGCCGAGGGCCTGGAAGCTCCCATTGGCCAGGCAGTGTCTAAGGAACTGTCAGATGAGCTGTGAGGAGCCCAGGCTGTCCCACCAGCCTGGATGTGAGCTATCCTCAGTGCCACTGGGGGCCGGAAGGGGACTGTTGCCCCACATTGCGTGAACCGA,AGGACCGGATCAACTGTACTCACAATAACAGCACTGATTCATGGTTGCAGCCATTCTCTCACTCAGACACCCCCCCCCGCCCCCCGTCAGAGGGAGGGCGTCGTGAGTTCCAGATGTTCTGTTGATGGGGAATGGTGTCAGCCAGCCGAGGGCCTGGAAGCTCCCATTGGCCAGGCAGTGTCTAAGGAACTGTCAGATGAGCTGTGAGGAGCCCAGGCTGTCCCACCAGCCTGGATGTGAGCTATCCTCAGTGCCACTGGGGGCCGGAAGGGGACTGTTGCCCCACATTGCGTGAACCGA,11042,20617,19190,15042,29090,27726,-0.192015292,6.97e-06,-0.192015292
5244,135_rs11614702_ref_stdWin_A.135_rs11614702_var_stdWin_A,AGGACCGGATCAACTTTCCCTTGAGATTTAGAGACCTGATGTCCAGAACCAGTGTTATTGGAGCCACGCTGCCTCAGGAGGCTCCAGGGGAGGACCCGTGTCTCTTCCTGTTCCTGGTGGTGTTGGCCTTCCCGCCTGTGTGGTTGCGTCGCTGCAGCCTCTGCTCCCGTCCCCACACACCGTCTCCCCTAGGCCTGTGTGTCTTTTCACAAGGGGGCCAGTGTTTGGATGTAGAGACCAGCCAAATCTGGGAACTTCATTTTAACATTTGCAATTACATCTGCACATTGCGTGAACCGA,AGGACCGGATCAACTTTCCCTTGAGATTTAGAGACCTGATGTCCAGAACCAGTGTTATTGGAGCCACGCTGCCTCAGGAGGCTCCAGGGGAGGACCCGTGTCTCTTCCTGTTCCTGGTGGTGTTGGCCTTCCCGCCTGTGTGGTTGCGTCACTGCAGCCTCTGCTCCCGTCCCCACACACCGTCTCCCCTAGGCCTGTGTGTCTTTTCACAAGGGGGCCAGTGTTTGGATGTAGAGACCAGCCAAATCTGGGAACTTCATTTTAACATTTGCAATTACATCTGCACATTGCGTGAACCGA,21598,41234,38644,13410,25573,24267,0.182511189,2.05e-06,0.182511189
5245,902_rs17572495_ref_nonpeak1_A.902_rs17572495_var_nonpeak1_A,AGGACCGGATCAACTGGACCCGGAGGGTGTCTGTGTCATGCTAGTGCTAGTGATGGGAGCCCCGTGAGCCCATTGCCCGCCCTCCCATGCCCTCAGCAGCTGCCTGGGGACAGCCAATGGCCTGGGTGTTTCTGAGGCTACCACATGGCTTCCAGGAAACTCGAGAACCTTTCTCTCCCTTGCCTACACTCTTCACACAGGCCTGTGCTGGCCAGCGGTGGGGATCCGGCATTCCTATCTTAGGTGCAGAGAGTGACTGACTCATTGCAGGCCTGGGAGATAAGACATTGCGTGAACCGA,AGGACCGGATCAACTGGACCCGGAGGGTGTCTGTGTCATGCTAGTGCTAGTGATGGGAGCCCCGTGAGCCCATTGCCCGCCCTCCCATGCCCTCAGCAGCTGCCTGGGGACAGCCAATGGCCTGGGTGTTTCTGAGGCTACCACATGGCTGCCAGGAAACTCGAGAACCTTTCTCTCCCTTGCCTACACTCTTCACACAGGCCTGTGCTGGCCAGCGGTGGGGATCCGGCATTCCTATCTTAGGTGCAGAGAGTGACTGACTCATTGCAGGCCTGGGAGATAAGACATTGCGTGAACCGA,13406,25135,24467,19416,38746,36235,-0.177921163,2.05e-06,-0.177921163
5246,468_rs7939826_ref_nonpeak1_A.468_rs7939826_var_nonpeak1_A,AGGACCGGATCAACTATTGATCAGGTTTCTGGCAATACAAATTCTTTGTGTGTTTGTTTGTTTTTTTTTTTTTTCTTTTGAGATGTCATCTCGCTCTGTTGCCCAGGCTGGAGTGCAGGGGCGGGTGGGATCTCAGCTCACTGCAGCTTCCGCCTTTCGAGCTCAAGTGATTCTCTTGCCTCAGCCTCCCGAGTAGCTGGGACGACAGGCATGCGGCACCATGCCTGGCTAATTTTATGTTTTCAGTACAGACAGGTTTTGCCATGTTGGCCAGGCTGGTCTCGACATTGCGTGAACCGA,AGGACCGGATCAACTATTGATCAGGTTTCTGGCAATACAAATTCTTTGTGTGTTTGTTTGTTTTTTTTTTTTTTCTTTTGAGATGTCATCTCGCTCTGTTGCCCAGGCTGGAGTGCAGGGGCGGGTGGGATCTCAGCTCACTGCAGCTTCTGCCTTTCGAGCTCAAGTGATTCTCTTGCCTCAGCCTCCCGAGTAGCTGGGACGACAGGCATGCGGCACCATGCCTGGCTAATTTTATGTTTTCAGTACAGACAGGTTTTGCCATGTTGGCCAGGCTGGTCTCGACATTGCGTGAACCGA,20756,39661,37257,26371,49860,46577,-0.17916801,3.58e-09,-0.17916801
5247,545_rs344791_ref_optWin_A.545_rs344791_var_optWin_A,AGGACCGGATCAACTCTCAATTTCCCAGAATCCCTTGCAGCAATGGTCCAGGCCAGTGACCTGGGCTGAGCCAATCAAACGCTCCAGCAGGACCTTGTGCCGTGAGCTCCCTCTGCTTTGAGTCTTAAAGAAACAGTTGGCCTTGGGGAGCTTTACAACCCTCATCACGTATCTTCATCCCACCCCCCAGAGCCCGACTGTCAATCCGACCTCTGCCCCTCCACTGCCCACTCTAGCTCAAGACCGCCTCCACTGTCCCTCCTGACCCAACTTCCTCCCTGGACTCATTGCGTGAACCGA,AGGACCGGATCAACTCTCAATTTCCCAGAATCCCTTGCAGCAATGGTCCAGGCCAGTGACCTGGGCTGAGCCAATCAAACGCTCCAGCAGGACCTTGTGCCGTGAGCTCCCTCTGCTTTGAGTCTTAAAGAAACAGTTGGCCTTGGGGAGCTTTACAACCCTCATCACGTATCTTCATCCCACCCCCCAGAGCCCGACTGTCAATCCGACCTCTGCCCCTCCACTGCCCACTCTAGCTCAAGACCCCCTCCACTGTCCCTCCTGACCCAACTTCCTCCCTGGACTCATTGCGTGAACCGA,11367,21127,20352,21722,40959,38781,-0.235525071,1.13e-10,-0.235525071
5248,534_rs34063617_ref_optWin_A.534_rs34063617_var_optWin_A,AGGACCGGATCAACTACTCCGTCACAGGGCTGGTTCTATGAAAGAACTGAGCGGGCCTTGGGTTCCCACACCCATGGGGATTGGGGGAAAGCAGGCCTGCACTTCTGCTTTTCTGACTTCGGGTTTCGATTGGGTGCCCTCGGCTCTGGACTCTGTCCCCAGCCTCTGGGTGACCTCATGGGGCTGCTTGCCTGGCCTGCTCCTCCAGGGCGGGGTGGGAGCTGGGGTGGGGCATCCTCAGGGCTCACAACGCTTGTGCTCTAAGTAAGGCTGGCAGACACCCAGCATTGCGTGAACCGA,AGGACCGGATCAACTACTCCGTCACAGGGCTGGTTCTATGAAAGAACTGAGCGGGCCTTGGGTTCCCACACCCATGGGGATTGGGGGAAAGCAGGCCTGCACTTCTGCTTTTCTGACTTCGGGTTTCGATTGGGTGCCCTCAGCTCTGGACTCTGTCCCCAGCCTCTGGGTGACCTCATGGGGCTGCTTGCCTGGCCTGCTCCTCCAGGGCGGGGTGGGAGCTGGGGTGGGGCATCCTCAGGGCTCACAACGCTTGTGCTCTAAGTAAGGCTGGCAGACACCCAGCATTGCGTGAACCGA,37095,71176,67276,45328,85028,81422,0.189362438,8.36e-12,0.189362438
5249,389_rs183610051_ref_stdWin_A.389_rs183610051_var_stdWin_A,AGGACCGGATCAACTAGTTCACACAGGCCCAAATGGCTTTCCTTGACCCTCATTGAGTGGCCTTCCCCCCTTGCCTAGCTAGGAAGGGGCCAGAGCGCTTAACCACCCTGATCCCAACCTTAGTGCCTTTGGGGGCCAGGCGGGTGATAAGTCCCAGCACCTGGGGAATCTGGAGGAGCCGGAAGGGAGTGTGCCTTGTGGGAGGGGGGTGATGTCCTTCCTCAGCCCCACCCAGCTGTTGCCCCCAGGAGCCACATATCCGGACTTCTGTCTGGAGCTTTAGACCATTGCGTGAACCGA,AGGACCGGATCAACTAGTTCACACAGGCCCAAATGGCTTTCCTTGACCCTCATTGAGTGGCCTTCCCCCCTTGCCTAGCTAGGAAGGGGCCAGAGCGCTTAACCACCCTGATCCCAACCTTAGTGCCTTTGGGGGCCAGGCGGGTGATAAATCCCAGCACCTGGGGAATCTGGAGGAGCCGGAAGGGAGTGTGCCTTGTGGGAGGGGGGTGATGTCCTTCCTCAGCCCCACCCAGCTGTTGCCCCCAGGAGCCACATATCCGGACTTCTGTCTGGAGCTTTAGACCATTGCGTGAACCGA,16351,31469,30129,19389,37899,35925,-0.222180148,7.15e-12,-0.222180148
5250,223_rs13025717_ref_optWin_A.223_rs13025717_var_optWin_A,AGGACCGGATCAACTTCAGTCTCTCTGAGAATAGTTTGTGAGAGATTTGTCCTCACAGCTGCAGGACAGCTGCTGTGCCTCCTGCATTAATTAGGGAGGAGGGGAGGGGCAAAAAGTAAAGAGCTGAAGCGACAGCCCCCCAAGGGTGTCCCTTGTACAGACATCCAGAAGCCCCGCCCAATGAGTGACTTTTGCCTTCATCCTGTTGGCCAGAACTGGGTCACGCACCATGCTTAGCAACAAGGAGATCTGGGGAAGTGAGTATTAAAGCAGACACAGCACTCTCATTGCGTGAACCGA,AGGACCGGATCAACTTCAGTCTCTCTGAGAATAGTTTGTGAGAGATTTGTCCTCACAGCTGCAGGACAGCTGCTGTGCCTCCTGCATTAATTAGGGAGGAGGGGAGGGGCAAAAAGTAAAGAGCTGAAGCGACAGCCCCCCAAGGGTGTCCCTTGTACAGACATCCAGAAGCCCTGCCCAATGAGTGACTTTTGCCTTCATCCTGTTGGCCAGAACTGGGTCACGCACCATGCTTAGCAACAAGGAGATCTGGGGAAGTGAGTATTAAAGCAGACACAGCACTCTCATTGCGTGAACCGA,6017,11499,11116,5316,9784,9208,-0.350824897,2.7e-12,-0.350824897
5251,135_rs11614702_ref_optWin_A.135_rs11614702_var_optWin_A,AGGACCGGATCAACTCTTAAAGCACAGAAATGTCTTCCCTTGAGATTTAGAGACCTGATGTCCAGAACCAGTGTTATTGGAGCCACGCTGCCTCAGGAGGCTCCAGGGGAGGACCCGTGTCTCTTCCTGTTCCTGGTGGTGTTGGCCTTCCCGCCTGTGTGGTTGCGTCGCTGCAGCCTCTGCTCCCGTCCCCACACACCGTCTCCCCTAGGCCTGTGTGTCTTTTCACAAGGGGGCCAGTGTTTGGATGTAGAGACCAGCCAAATCTGGGAACTTCATTTTAACCATTGCGTGAACCGA,AGGACCGGATCAACTCTTAAAGCACAGAAATGTCTTCCCTTGAGATTTAGAGACCTGATGTCCAGAACCAGTGTTATTGGAGCCACGCTGCCTCAGGAGGCTCCAGGGGAGGACCCGTGTCTCTTCCTGTTCCTGGTGGTGTTGGCCTTCCCGCCTGTGTGGTTGCGTCACTGCAGCCTCTGCTCCCGTCCCCACACACCGTCTCCCCTAGGCCTGTGTGTCTTTTCACAAGGGGGCCAGTGTTTGGATGTAGAGACCAGCCAAATCTGGGAACTTCATTTTAACCATTGCGTGAACCGA,20890,40133,38625,14196,28441,26112,0.293895783,1.06e-15,0.293895783
5252,223_rs13025717_ref_stdWin_A.223_rs13025717_var_stdWin_A,AGGACCGGATCAACTGAGAGATTTGTCCTCACAGCTGCAGGACAGCTGCTGTGCCTCCTGCATTAATTAGGGAGGAGGGGAGGGGCAAAAAGTAAAGAGCTGAAGCGACAGCCCCCCAAGGGTGTCCCTTGTACAGACATCCAGAAGCCCCGCCCAATGAGTGACTTTTGCCTTCATCCTGTTGGCCAGAACTGGGTCACGCACCATGCTTAGCAACAAGGAGATCTGGGGAAGTGAGTATTAAAGCAGACACAGCACTCTGACCACCCTGCTGCCAGTGTGGAGCATTGCGTGAACCGA,AGGACCGGATCAACTGAGAGATTTGTCCTCACAGCTGCAGGACAGCTGCTGTGCCTCCTGCATTAATTAGGGAGGAGGGGAGGGGCAAAAAGTAAAGAGCTGAAGCGACAGCCCCCCAAGGGTGTCCCTTGTACAGACATCCAGAAGCCCTGCCCAATGAGTGACTTTTGCCTTCATCCTGTTGGCCAGAACTGGGTCACGCACCATGCTTAGCAACAAGGAGATCTGGGGAAGTGAGTATTAAAGCAGACACAGCACTCTGACCACCCTGCTGCCAGTGTGGAGCATTGCGTGAACCGA,16100,30600,28086,7081,13872,13513,-0.330321548,8.16e-16,-0.330321548
5253,879_rs62061800_ref_nonpeak1_A.879_rs62061800_var_nonpeak1_A,AGGACCGGATCAACTCTGCACCCAGCCCTGACTAACTTTTTTTTGAGACGGAGTCTTGCTCTGTCGCCCGGGCTGGAGTCCAGTGGCATGATCTCGGCTCACTGCAAGCTCCGCCTCCCGGGTTTACGCCATTCTCCTGCCTCAGCCTCCGGAGTAACTGGGACTACAGGCGCCCACCACCACGCCTGGCTAATTTTTGTATTTTTAGTAGAGACGGGGTTTCACTGTGTTAGCCAGGATGGTCTCGATCTCCTGACCTCATGATCCACCCACCTCAGCCTCCCACATTGCGTGAACCGA,AGGACCGGATCAACTCTGCACCCAGCCCTGACTAACTTTTTTTTGAGACGGAGTCTTGCTCTGTCGCCCGGGCTGGAGTCCAGTGGCATGATCTCGGCTCACTGCAAGCTCCGCCTCCCGGGTTTACGCCATTCTCCTGCCTCAGCCTCCCGAGTAACTGGGACTACAGGCGCCCACCACCACGCCTGGCTAATTTTTGTATTTTTAGTAGAGACGGGGTTTCACTGTGTTAGCCAGGATGGTCTCGATCTCCTGACCTCATGATCCACCCACCTCAGCCTCCCACATTGCGTGAACCGA,14326,26748,25055,15428,29068,27202,-0.296088783,3.37e-16,-0.296088783
5254,1012_rs4609899_ref_nonpeak1_A.1012_rs4609899_var_nonpeak1_A,AGGACCGGATCAACTACCAAGCACAAACATTCTGGTTGCATCTCCATCTAGGTACACGGTAGGATTGCATCCTCCATGCTTTTGAAGTTCTGCCTGCCCACGTGACTTGCTTTAACAAATGATGTGAGTGGAAGTGGTACATGTCACTTCCGGGTGGAAGGTTGAAAAGCTTGTGCCTGATTCACCTTTGAGGCTGATTCTGTCAGTGTCCCTTGGACCCTCCCTGCTGAATTCTACCTGCCAGTGTCTGCATCTCTGTGCCTGAGGGATTTCTCCAGGCCCAAACATTGCGTGAACCGA,AGGACCGGATCAACTACCAAGCACAAACATTCTGGTTGCATCTCCATCTAGGTACACGGTAGGATTGCATCCTCCATGCTTTTGAAGTTCTGCCTGCCCACGTGACTTGCTTTAACAAATGATGTGAGTGGAAGTGGTACATGTCACTTCTGGGTGGAAGGTTGAAAAGCTTGTGCCTGATTCACCTTTGAGGCTGATTCTGTCAGTGTCCCTTGGACCCTCCCTGCTGAATTCTACCTGCCAGTGTCTGCATCTCTGTGCCTGAGGGATTTCTCCAGGCCCAAACATTGCGTGAACCGA,4377,8485,8083,10049,18815,18233,-0.526580779,1.54e-35,-0.526580779
